Model,Train Accuracy,Test Accuracy,F1 Score
RandomForest,1.0,0.7574400000000001,0.7493162884218487
KNN,0.78838,0.71544,0.7040075743749167
GaussianNB,0.6857399999999999,0.68552,0.6833153350369325
XGBoost,0.97082,0.7476,0.7377842164589171
CatBoost,0.8870799999999999,0.7512800000000001,0.7459611871328891
LightGBM,0.85816,0.75096,0.7466583238657144
