Model,Train Accuracy,Test Accuracy,F1 Score
RandomForest,0.9998075,0.81319,0.8063230209646282
KNN,0.84573,0.78054,0.7692205656901134
GaussianNB,0.6135349999999999,0.6134000000000001,0.6118442040177641
XGBoost,0.8260275,0.77677,0.7650139991722933
CatBoost,0.778845,0.75062,0.7444004872967809
LightGBM,0.7347725,0.72033,0.7141350829625294
