Train Accuracy,Test Accuracy,Train F1 Score,Test F1 Score
0.7014825,0.69421,0.697199828805956,0.6897323110337127
