Model,Train Accuracy,Test Accuracy,F1 Score
RandomForest,0.935043716,0.620322416,0.59289757
XGBoost,0.535430712,0.534310703,0.274930388
LightGBM,0.394182891,0.383417686,0.3742899
